id,year,date,session_start,session_end,room,chair,session_title,duration,dtstart,dtend,location,author,type,title,topic
1,2020,Mon 29 Jun 2020,10:30,11:00,MSR:Zoom,Chair(s): Venera Arnaoudova Washington State University,Programming Languages & ModelsTechnical Papers / Registered Reports / Keynote / MSR Awards / FOSS Award / Education / Data Showcase / Mining Challenge / MSR Challenge Proposals / Ask Me Anything at MSR:Zoom Chair(s): Dimitris Kolovos University of YorkQ/A & Discussion of Session Papers over Zoom (Joining info available on Slack) ,6m,2020-06-29T10:30:00,2020-06-29T10:36:00,MSR:Zoom,"Jürgen Cito, Jiasi Shen, Martin C. Rinard,  Pre-print,  Media Attached",Live Q&A,An Empirical Study on the Impact of Deimplicitization on Program ComprehensionMSR - Registered Reports,Registered Reports
2,2020,Mon 29 Jun 2020,10:30,11:00,MSR:Zoom,Chair(s): Venera Arnaoudova Washington State University,Programming Languages & ModelsTechnical Papers / Registered Reports / Keynote / MSR Awards / FOSS Award / Education / Data Showcase / Mining Challenge / MSR Challenge Proposals / Ask Me Anything at MSR:Zoom Chair(s): Dimitris Kolovos University of YorkQ/A & Discussion of Session Papers over Zoom (Joining info available on Slack) ,6m,2020-06-29T10:36:00,2020-06-29T10:42:00,MSR:Zoom,"Jason Tsay, Alan Braz, Martin Hirzel, Avraham Shinnar, Todd Mummert,  Pre-print,  Media Attached",Live Q&A,AIMMX: Artificial Intelligence Model Metadata ExtractorMSR - Technical Paper,Technical Papers
3,2020,Mon 29 Jun 2020,10:30,11:00,MSR:Zoom,Chair(s): Venera Arnaoudova Washington State University,Programming Languages & ModelsTechnical Papers / Registered Reports / Keynote / MSR Awards / FOSS Award / Education / Data Showcase / Mining Challenge / MSR Challenge Proposals / Ask Me Anything at MSR:Zoom Chair(s): Dimitris Kolovos University of YorkQ/A & Discussion of Session Papers over Zoom (Joining info available on Slack) ,6m,2020-06-29T10:42:00,2020-06-29T10:48:00,MSR:Zoom,"Timofey Bryksin, Victor Petukhov, Ilya Alexin, Stanislav Prikhodko, Alexey Shpilman, Vladimir Kovalenko, Nikita Povarov,  Pre-print,  Media Attached",Live Q&A,Using Large-Scale Anomaly Detection on Code to Improve Kotlin CompilerMSR - Technical Paper,Technical Papers
4,2020,Mon 29 Jun 2020,10:30,11:00,MSR:Zoom,Chair(s): Venera Arnaoudova Washington State University,Programming Languages & ModelsTechnical Papers / Registered Reports / Keynote / MSR Awards / FOSS Award / Education / Data Showcase / Mining Challenge / MSR Challenge Proposals / Ask Me Anything at MSR:Zoom Chair(s): Dimitris Kolovos University of YorkQ/A & Discussion of Session Papers over Zoom (Joining info available on Slack) ,6m,2020-06-29T10:48:00,2020-06-29T10:54:00,MSR:Zoom,"Tomoki Nakamaru, Tomomasa Matsunaga, Tetsuro Yamazaki, Soramichi Akiyama, Shigeru Chiba,  Pre-print,  Media Attached",Live Q&A,An Empirical Study of Method Chaining in JavaMSR - Technical Paper,Technical Papers
5,2020,Mon 29 Jun 2020,10:30,11:00,MSR:Zoom,Chair(s): Venera Arnaoudova Washington State University,Programming Languages & ModelsTechnical Papers / Registered Reports / Keynote / MSR Awards / FOSS Award / Education / Data Showcase / Mining Challenge / MSR Challenge Proposals / Ask Me Anything at MSR:Zoom Chair(s): Dimitris Kolovos University of YorkQ/A & Discussion of Session Papers over Zoom (Joining info available on Slack) ,6m,2020-06-29T10:54:00,2020-06-29T11:00:00,MSR:Zoom,"Nan Yang, Pieter Cuijpers, Ramon Schiffelers, Johan Lukkien, Alexander Serebrenik,  Media Attached",Live Q&A,Painting Flowers: Reasons for Using Single-State State Machines in Model-Driven EngineeringMSR - Technical Paper,Technical Papers
6,2020,Mon 29 Jun 2020,10:30,11:00,MSR:Zoom2,Chair(s): Venera Arnaoudova Washington State University,"Refactoring & TestingTechnical Papers / Registered Reports / Keynote / MSR Awards / FOSS Award / Education / Data Showcase / Mining Challenge / MSR Challenge Proposals / Ask Me Anything at MSR:Zoom2 Chair(s): Maurício Aniche Delft University of Technology, NetherlandsQ/A & Discussion of Session Papers over Zoom (Joining info available on Slack) ",7m,2020-06-29T10:30:00,2020-06-29T10:37:00,MSR:Zoom2,"Leonardo Da Silva Sousa, Diego Cedrim, Alessandro Garcia, Willian Oizumi, Ana Carla Bibiano, Daniel Oliveira, Miryung Kim, Anderson Oliveira,  Pre-print,  Media Attached",Live Q&A,"Characterizing and Identifying Composite Refactorings: Concepts, Heuristics and PatternsMSR - Technical Paper",Technical Papers
7,2020,Mon 29 Jun 2020,10:30,11:00,MSR:Zoom2,Chair(s): Venera Arnaoudova Washington State University,"Refactoring & TestingTechnical Papers / Registered Reports / Keynote / MSR Awards / FOSS Award / Education / Data Showcase / Mining Challenge / MSR Challenge Proposals / Ask Me Anything at MSR:Zoom2 Chair(s): Maurício Aniche Delft University of Technology, NetherlandsQ/A & Discussion of Session Papers over Zoom (Joining info available on Slack) ",7m,2020-06-29T10:37:00,2020-06-29T10:44:00,MSR:Zoom2,"Matheus Paixao, Anderson Uchôa, Ana Carla Bibiano, Daniel Oliveira, Alessandro Garcia, Jens Krinke, Emilio Arvonio,  Pre-print,  Media Attached",Live Q&A,Behind the Intents: An In-depth Empirical Study  on Software Refactoring in Modern Code ReviewMSR - Technical Paper,Technical Papers
8,2020,Mon 29 Jun 2020,10:30,11:00,MSR:Zoom2,Chair(s): Venera Arnaoudova Washington State University,"Refactoring & TestingTechnical Papers / Registered Reports / Keynote / MSR Awards / FOSS Award / Education / Data Showcase / Mining Challenge / MSR Challenge Proposals / Ask Me Anything at MSR:Zoom2 Chair(s): Maurício Aniche Delft University of Technology, NetherlandsQ/A & Discussion of Session Papers over Zoom (Joining info available on Slack) ",7m,2020-06-29T10:45:00,2020-06-29T10:52:00,MSR:Zoom2,"Federico Corò, Roberto Verdecchia, Emilio Cruciani, Breno Miranda, Antonia Bertolino,  Pre-print,  Media Attached",Live Q&A,JTeC: A Large Collection of Java Test Classes for Test Code Analysis and ProcessingMSR - Data Showcase,Data Showcase
9,2020,Mon 29 Jun 2020,10:30,11:00,MSR:Zoom2,Chair(s): Venera Arnaoudova Washington State University,"Refactoring & TestingTechnical Papers / Registered Reports / Keynote / MSR Awards / FOSS Award / Education / Data Showcase / Mining Challenge / MSR Challenge Proposals / Ask Me Anything at MSR:Zoom2 Chair(s): Maurício Aniche Delft University of Technology, NetherlandsQ/A & Discussion of Session Papers over Zoom (Joining info available on Slack) ",7m,2020-06-29T10:52:00,2020-06-29T10:59:00,MSR:Zoom2,"András Kicsi, László Vidács, Tibor Gyimothy,  Pre-print,  Media Attached",Live Q&A,TestRoutes: A Manually Curated Method Level Dataset for Test-to-Code TraceabilityMSR - Data Showcase,Data Showcase
10,2020,Mon 29 Jun 2020,11:00,12:00,MSR:Zoom,Chair(s): Venera Arnaoudova Washington State University,"Build, CI, & DependenciesTechnical Papers / Registered Reports / Keynote / MSR Awards / FOSS Award / Education / Data Showcase / Mining Challenge / MSR Challenge Proposals / Ask Me Anything at MSR:Zoom Chair(s): Raula Gaikovina Kula NAISTQ/A & Discussion of Session Papers over Zoom (Joining info available on Slack) ",12m,2020-06-29T11:00:00,2020-06-29T11:12:00,MSR:Zoom,"Yiwen Wu, Yang Zhang, Tao Wang, Huaimin Wang,  Pre-print,  Media Attached",Live Q&A,A Tale of Docker Build Failures: A Preliminary StudyMSR - Technical Paper,Technical Papers
11,2020,Mon 29 Jun 2020,11:00,12:00,MSR:Zoom,Chair(s): Venera Arnaoudova Washington State University,"Build, CI, & DependenciesTechnical Papers / Registered Reports / Keynote / MSR Awards / FOSS Award / Education / Data Showcase / Mining Challenge / MSR Challenge Proposals / Ask Me Anything at MSR:Zoom Chair(s): Raula Gaikovina Kula NAISTQ/A & Discussion of Session Papers over Zoom (Joining info available on Slack) ",12m,2020-06-29T11:12:00,2020-06-29T11:24:00,MSR:Zoom,"Suhaib Mujahid, Rabe Abdalkareem, Emad Shihab, Shane McIntosh,  Pre-print,  Media Attached",Live Q&A,Using Others' Tests to Avoid Breaking UpdatesMSR - Technical Paper,Technical Papers
12,2020,Mon 29 Jun 2020,11:00,12:00,MSR:Zoom,Chair(s): Venera Arnaoudova Washington State University,"Build, CI, & DependenciesTechnical Papers / Registered Reports / Keynote / MSR Awards / FOSS Award / Education / Data Showcase / Mining Challenge / MSR Challenge Proposals / Ask Me Anything at MSR:Zoom Chair(s): Raula Gaikovina Kula NAISTQ/A & Discussion of Session Papers over Zoom (Joining info available on Slack) ",12m,2020-06-29T11:24:00,2020-06-29T11:36:00,MSR:Zoom,"Jordan Henkel, Christian Bird, Shuvendu Lahiri, Thomas Reps,  Media Attached",Live Q&A,A Dataset of DockerfilesMSR - Data Showcase,Data Showcase
13,2020,Mon 29 Jun 2020,11:00,12:00,MSR:Zoom,Chair(s): Venera Arnaoudova Washington State University,"Build, CI, & DependenciesTechnical Papers / Registered Reports / Keynote / MSR Awards / FOSS Award / Education / Data Showcase / Mining Challenge / MSR Challenge Proposals / Ask Me Anything at MSR:Zoom Chair(s): Raula Gaikovina Kula NAISTQ/A & Discussion of Session Papers over Zoom (Joining info available on Slack) ",12m,2020-06-29T11:36:00,2020-06-29T11:48:00,MSR:Zoom,"Thomas Durieux, Claire Le Goues, Michael Hilton, Rui Abreu,  DOI,  Pre-print,  Media Attached",Live Q&A,Empirical Study of Restarted and Flaky Builds on Travis CIMSR - Technical Paper,Technical Papers
14,2020,Mon 29 Jun 2020,11:00,12:00,MSR:Zoom,Chair(s): Venera Arnaoudova Washington State University,"Build, CI, & DependenciesTechnical Papers / Registered Reports / Keynote / MSR Awards / FOSS Award / Education / Data Showcase / Mining Challenge / MSR Challenge Proposals / Ask Me Anything at MSR:Zoom Chair(s): Raula Gaikovina Kula NAISTQ/A & Discussion of Session Papers over Zoom (Joining info available on Slack) ",12m,2020-06-29T11:48:00,2020-06-29T12:00:00,MSR:Zoom,"Carolin Brandt, Annibale Panichella, Andy Zaidman, Moritz Beller,  Pre-print,  Media Attached",Live Q&A,LogChunks: A Data Set for Build Log AnalysisMSR - Data Showcase,Data Showcase
15,2020,Mon 29 Jun 2020,11:30,12:00,MSR:Zoom2,Chair(s): Venera Arnaoudova Washington State University,"Registered Reports Track DiscussionRegistered Reports at MSR:Zoom2 Chair(s): Neil Ernst University of Victoria, Janet Siegmund TU ChemnitzOpen Discussion over Zoom (Joining info available on Slack) ",30m,2020-06-29T11:30:00,2020-06-29T12:00:00,MSR:Zoom2,"Neil Ernst, Janet Siegmund",Other,Future Directions for Registered Reports MSR - Registered Reports,Registered Reports
16,2020,Mon 29 Jun 2020,12:00,13:00,MSR:Zoom,Chair(s): Venera Arnaoudova Washington State University,Code SmellsTechnical Papers / Registered Reports / Keynote / MSR Awards / FOSS Award / Education / Data Showcase / Mining Challenge / MSR Challenge Proposals / Ask Me Anything at MSR:Zoom Chair(s): Alessandro Garcia PUC-RioQ/A & Discussion of Session Papers over Zoom (Joining info available on Slack) ,10m,2020-06-29T12:00:00,2020-06-29T12:10:00,MSR:Zoom,"Antonio Borrelli, Vittoria Nardone, Giuseppe Di Lucca, Gerardo Canfora, Massimiliano Di Penta,  Pre-print,  Media Attached",Live Q&A,Detecting Video Game-Specific Bad Smells in Unity ProjectsMSR - Technical Paper,Technical Papers
17,2020,Mon 29 Jun 2020,12:00,13:00,MSR:Zoom,Chair(s): Venera Arnaoudova Washington State University,Code SmellsTechnical Papers / Registered Reports / Keynote / MSR Awards / FOSS Award / Education / Data Showcase / Mining Challenge / MSR Challenge Proposals / Ask Me Anything at MSR:Zoom Chair(s): Alessandro Garcia PUC-RioQ/A & Discussion of Session Papers over Zoom (Joining info available on Slack) ,10m,2020-06-29T12:10:00,2020-06-29T12:20:00,MSR:Zoom,"Davide Spadini, Martin Schvarcbacher, Ana Maria Oprescu, Magiel Bruntink, Alberto Bacchelli,  DOI,  Pre-print,  Media Attached",Live Q&A,Investigating Severity Thresholds for Test SmellsMSR - Technical Paper,Technical Papers
18,2020,Mon 29 Jun 2020,12:00,13:00,MSR:Zoom,Chair(s): Venera Arnaoudova Washington State University,Code SmellsTechnical Papers / Registered Reports / Keynote / MSR Awards / FOSS Award / Education / Data Showcase / Mining Challenge / MSR Challenge Proposals / Ask Me Anything at MSR:Zoom Chair(s): Alessandro Garcia PUC-RioQ/A & Discussion of Session Papers over Zoom (Joining info available on Slack) ,10m,2020-06-29T12:20:00,2020-06-29T12:30:00,MSR:Zoom,"Biruk Asmare Muse, Masud Rahman, Csaba Nagy, Anthony Cleve, Foutse Khomh, Giuliano Antoniol,  Pre-print,  Media Attached",Live Q&A,"On the Prevalence, Impact, and Evolution of SQL code smells in Data-Intensive SystemsMSR - Technical Paper",Technical Papers
19,2020,Mon 29 Jun 2020,12:00,13:00,MSR:Zoom,Chair(s): Venera Arnaoudova Washington State University,Code SmellsTechnical Papers / Registered Reports / Keynote / MSR Awards / FOSS Award / Education / Data Showcase / Mining Challenge / MSR Challenge Proposals / Ask Me Anything at MSR:Zoom Chair(s): Alessandro Garcia PUC-RioQ/A & Discussion of Session Papers over Zoom (Joining info available on Slack) ,10m,2020-06-29T12:30:00,2020-06-29T12:40:00,MSR:Zoom,"Mouna Abidi, Moses Openja, Foutse Khomh,  Pre-print,  Media Attached",Live Q&A,Multi-language Design Smells: A Backstage PerspectiveMSR - Registered Reports,Registered Reports
20,2020,Mon 29 Jun 2020,12:00,13:00,MSR:Zoom,Chair(s): Venera Arnaoudova Washington State University,Code SmellsTechnical Papers / Registered Reports / Keynote / MSR Awards / FOSS Award / Education / Data Showcase / Mining Challenge / MSR Challenge Proposals / Ask Me Anything at MSR:Zoom Chair(s): Alessandro Garcia PUC-RioQ/A & Discussion of Session Papers over Zoom (Joining info available on Slack) ,10m,2020-06-29T12:40:00,2020-06-29T12:50:00,MSR:Zoom,"Hadhemi Jebnoun, Masud Rahman, Foutse Khomh, Houssem Ben Braiek ,  Pre-print,  Media Attached",Live Q&A,The Scent of Deep Learning Code: An Empirical StudyMSR - Technical Paper,Technical Papers
21,2020,Mon 29 Jun 2020,12:00,13:00,MSR:Zoom,Chair(s): Venera Arnaoudova Washington State University,Code SmellsTechnical Papers / Registered Reports / Keynote / MSR Awards / FOSS Award / Education / Data Showcase / Mining Challenge / MSR Challenge Proposals / Ask Me Anything at MSR:Zoom Chair(s): Alessandro Garcia PUC-RioQ/A & Discussion of Session Papers over Zoom (Joining info available on Slack) ,10m,2020-06-29T12:50:00,2020-06-29T13:00:00,MSR:Zoom,"Fabiano Pecorelli, Fabio Palomba, Foutse Khomh, Andrea De Lucia,  Pre-print,  Media Attached",Live Q&A,Developer-Driven Code Smell PrioritizationMSR - Technical Paper,Technical Papers
22,2020,Mon 29 Jun 2020,12:00,13:00,MSR:Zoom2,Chair(s): Venera Arnaoudova Washington State University,"MSR Mining ChallengeMining Challenge / Technical Papers at MSR:Zoom2 Chair(s): Antoine Pietri Inria, Diomidis Spinellis Athens University of Economics and Business, Stefano Zacchiroli Université de Paris and InriaQ/A & Discussion of Session Papers over Zoom (Joining info available on Slack) ",20m,2020-06-29T12:00:00,2020-06-29T12:20:00,MSR:Zoom2,"Ali Rao Hamza, Chelsea Parlett-Pelleriti, Erik Linstead,  Pre-print,  Media Attached",Live Q&A,Cheating Death: A Statistical Survival Analysis of Publicly Available Python ProjectsMSR - Mining Challenge,Mining Challenge
23,2020,Mon 29 Jun 2020,12:00,13:00,MSR:Zoom2,Chair(s): Venera Arnaoudova Washington State University,"MSR Mining ChallengeMining Challenge / Technical Papers at MSR:Zoom2 Chair(s): Antoine Pietri Inria, Diomidis Spinellis Athens University of Economics and Business, Stefano Zacchiroli Université de Paris and InriaQ/A & Discussion of Session Papers over Zoom (Joining info available on Slack) ",20m,2020-06-29T12:20:00,2020-06-29T12:40:00,MSR:Zoom2,"Avijit Bhattacharjee, Sristy Sumana Nath, Shurui Zhou, Debasish Chakroborti, Banani Roy, Chanchal K. Roy, Kevin Schneider,  DOI,  Pre-print,  Media Attached",Live Q&A,An investigation to find motives behind cross-platform forks from Software Heritage datasetMSR - Mining Challenge,Mining Challenge
24,2020,Mon 29 Jun 2020,12:00,13:00,MSR:Zoom2,Chair(s): Venera Arnaoudova Washington State University,"MSR Mining ChallengeMining Challenge / Technical Papers at MSR:Zoom2 Chair(s): Antoine Pietri Inria, Diomidis Spinellis Athens University of Economics and Business, Stefano Zacchiroli Université de Paris and InriaQ/A & Discussion of Session Papers over Zoom (Joining info available on Slack) ",20m,2020-06-29T12:40:00,2020-06-29T13:00:00,MSR:Zoom2,"Gabor Antal, Márton Keleti, Peter Hegedus,  Pre-print,  Media Attached",Live Q&A,Exploring the Security Awareness of the Python and JavaScript Open Source CommunitiesMSR - Mining Challenge,Mining Challenge
25,2020,Mon 29 Jun 2020,13:00,13:15,MSR:Zoom,Chair(s): Venera Arnaoudova Washington State University,"""Opening"" & AwardsMSR Plenary at MSR:Zoom Chair(s): Georgios Gousios Delft University of Technology, Sunghun Kim Hong Kong University of Science and Technology, Sarah Nadi University of AlbertaLive on YouTube: https://www.youtube.com/watch?v=Qvf7mHa-YYs ",15m,2020-06-29T13:00:00,2020-06-29T13:15:00,MSR:Zoom,"Sunghun Kim, Sarah Nadi, Georgios Gousios,  Media Attached",Day opening,MSR Opening & Awards,MSR Plenary
26,2020,Mon 29 Jun 2020,13:15,14:15,MSR:Zoom,Chair(s): Venera Arnaoudova Washington State University,MSR 2020 KeynoteKeynote at MSR:Zoom Chair(s): Sunghun Kim Hong Kong University of Science and TechnologyLive on YouTube https://www.youtube.com/watch?v=Qvf7mHa-YYs (Q/A through Slack) ,60m,2020-06-29T13:15:00,2020-06-29T14:15:00,MSR:Zoom,"Satish Chandra,  Media Attached",Keynote,Machine Learning for Developer Productivity at FacebookKeynote,Keynote
27,2020,Mon 29 Jun 2020,14:30,15:30,MSR:Zoom,Chair(s): Venera Arnaoudova Washington State University,Bugs & IssuesTechnical Papers / Registered Reports / Keynote / MSR Awards / FOSS Award / Education / Data Showcase / Mining Challenge / MSR Challenge Proposals / Ask Me Anything at MSR:Zoom Chair(s): Francisco Servant Virginia TechQ/A & Discussion of Session Papers over Zoom (Joining info available on Slack) ,10m,2020-06-29T14:30:00,2020-06-29T14:40:00,MSR:Zoom,"Cristiano Politowski, Fabio Petrillo, Yann-Gaël Guéhéneuc, Gabriel Cavalheiro Ullmann, Josias De Andrade Werly,  Media Attached",Live Q&A,Dataset of Video Game Development ProblemsMSR - Data Showcase,Data Showcase
28,2020,Mon 29 Jun 2020,14:30,15:30,MSR:Zoom,Chair(s): Venera Arnaoudova Washington State University,Bugs & IssuesTechnical Papers / Registered Reports / Keynote / MSR Awards / FOSS Award / Education / Data Showcase / Mining Challenge / MSR Challenge Proposals / Ask Me Anything at MSR:Zoom Chair(s): Francisco Servant Virginia TechQ/A & Discussion of Session Papers over Zoom (Joining info available on Slack) ,10m,2020-06-29T14:40:00,2020-06-29T14:50:00,MSR:Zoom,"Omar El Zarif, Daniel Alencar Da Costa, Safwat Hassan, Ying Zou,  Pre-print,  Media Attached",Live Q&A,On the Relationship between User Churn and Software IssuesMSR - Technical Paper,Technical Papers
29,2020,Mon 29 Jun 2020,14:30,15:30,MSR:Zoom,Chair(s): Venera Arnaoudova Washington State University,Bugs & IssuesTechnical Papers / Registered Reports / Keynote / MSR Awards / FOSS Award / Education / Data Showcase / Mining Challenge / MSR Challenge Proposals / Ask Me Anything at MSR:Zoom Chair(s): Francisco Servant Virginia TechQ/A & Discussion of Session Papers over Zoom (Joining info available on Slack) ,10m,2020-06-29T14:50:00,2020-06-29T15:00:00,MSR:Zoom,"Irving Muller Rodrigues, Daniel Aloise, Eraldo Rezende Fernandes, Michel Dagenais,  Pre-print,  Media Attached",Live Q&A,A Soft Alignment Model for Bug DeduplicationMSR - Technical Paper,Technical Papers
30,2020,Mon 29 Jun 2020,14:30,15:30,MSR:Zoom,Chair(s): Venera Arnaoudova Washington State University,Bugs & IssuesTechnical Papers / Registered Reports / Keynote / MSR Awards / FOSS Award / Education / Data Showcase / Mining Challenge / MSR Challenge Proposals / Ask Me Anything at MSR:Zoom Chair(s): Francisco Servant Virginia TechQ/A & Discussion of Session Papers over Zoom (Joining info available on Slack) ,10m,2020-06-29T15:00:00,2020-06-29T15:10:00,MSR:Zoom,"Shayan Akbar, Avinash Kak,  Media Attached",Live Q&A,A Large-Scale Comparative Evaluation of IR-Based Tools for Bug LocalizationMSR - Technical Paper,Technical Papers
31,2020,Mon 29 Jun 2020,14:30,15:30,MSR:Zoom,Chair(s): Venera Arnaoudova Washington State University,Bugs & IssuesTechnical Papers / Registered Reports / Keynote / MSR Awards / FOSS Award / Education / Data Showcase / Mining Challenge / MSR Challenge Proposals / Ask Me Anything at MSR:Zoom Chair(s): Francisco Servant Virginia TechQ/A & Discussion of Session Papers over Zoom (Joining info available on Slack) ,10m,2020-06-29T15:10:00,2020-06-29T15:20:00,MSR:Zoom,"Rafael-Michael Karampatsis, Charles Sutton,  Pre-print,  Media Attached",Live Q&A,How Often Do Single-Statement Bugs Occur? The ManySStuBs4J DatasetMSR - Data Showcase,Data Showcase
32,2020,Mon 29 Jun 2020,14:30,15:30,MSR:Zoom,Chair(s): Venera Arnaoudova Washington State University,Bugs & IssuesTechnical Papers / Registered Reports / Keynote / MSR Awards / FOSS Award / Education / Data Showcase / Mining Challenge / MSR Challenge Proposals / Ask Me Anything at MSR:Zoom Chair(s): Francisco Servant Virginia TechQ/A & Discussion of Session Papers over Zoom (Joining info available on Slack) ,10m,2020-06-29T15:20:00,2020-06-29T15:30:00,MSR:Zoom,"Steffen Herbold, Alexander Trautsch, Benjamin Ledel,  Pre-print,  Media Attached",Live Q&A,Large-Scale Manual Validation of Bugfixing ChangesMSR - Registered Reports,Registered Reports
33,2020,Mon 29 Jun 2020,14:30,15:00,MSR:Zoom2,Chair(s): Venera Arnaoudova Washington State University,"Tutorial 1: GDPR ConsiderationsEducation / Technical Papers at MSR:Zoom2 Chair(s): Abram Hindle University of Alberta, Alexander Serebrenik Eindhoven University of TechnologyQ/A for tutorial (Joining info available on Slack) ",30m,2020-06-29T14:30:00,2020-06-29T15:00:00,MSR:Zoom2,"Jesus M. Gonzalez-Barahona,  Pre-print,  Media Attached",Tutorial,Mining Software Repositories While Respecting PrivacyMSR - Tutorial,Education
34,2020,Mon 29 Jun 2020,15:30,16:30,MSR:Zoom,Chair(s): Venera Arnaoudova Washington State University,Software Engineering for Machine Learning: AMAAsk Me Anything at MSR:Zoom Chair(s): Tim Menzies North Carolina State UniversityLive YouTube: https://youtu.be/bLAyj1c_JZ0 ,60m,2020-06-29T15:30:00,2020-06-29T16:30:00,MSR:Zoom,"Christian Kästner, Mohamed El-Geish, Foutse Khomh, Miryung Kim,  Media Attached",Live Q&A,SE4ML AMAMSR - AMA,Ask Me Anything
35,2020,Mon 29 Jun 2020,16:30,17:30,MSR:Zoom,Chair(s): Venera Arnaoudova Washington State University,Github & OSS DatasetsTechnical Papers / Registered Reports / Keynote / MSR Awards / FOSS Award / Education / Data Showcase / Mining Challenge / MSR Challenge Proposals / Ask Me Anything at MSR:Zoom Chair(s): Olga Baysal Carleton UniversityQ/A & Discussion of Session Papers over Zoom (Joining info available on Slack) ,8m,2020-06-29T16:30:00,2020-06-29T16:38:00,MSR:Zoom,"Xunhui Zhang, Ayushi Rastogi, Yue Yu,  Pre-print,  Media Attached",Live Q&A,A New Dataset for Pull Request AcceptanceMSR - Data Showcase,Data Showcase
36,2020,Mon 29 Jun 2020,16:30,17:30,MSR:Zoom,Chair(s): Venera Arnaoudova Washington State University,Github & OSS DatasetsTechnical Papers / Registered Reports / Keynote / MSR Awards / FOSS Award / Education / Data Showcase / Mining Challenge / MSR Challenge Proposals / Ask Me Anything at MSR:Zoom Chair(s): Olga Baysal Carleton UniversityQ/A & Discussion of Session Papers over Zoom (Joining info available on Slack) ,8m,2020-06-29T16:38:00,2020-06-29T16:46:00,MSR:Zoom,"Usman Ashraf, Christoph Mayr-Dorn, Alexander Egyed, Sebastiano Panichella,  Media Attached",Live Q&A,A Mixed Graph-Relational Dataset of Socio-technicalInteractions in Open Source SystemsMSR - Data Showcase,Data Showcase
37,2020,Mon 29 Jun 2020,16:30,17:30,MSR:Zoom,Chair(s): Venera Arnaoudova Washington State University,Github & OSS DatasetsTechnical Papers / Registered Reports / Keynote / MSR Awards / FOSS Award / Education / Data Showcase / Mining Challenge / MSR Challenge Proposals / Ask Me Anything at MSR:Zoom Chair(s): Olga Baysal Carleton UniversityQ/A & Discussion of Session Papers over Zoom (Joining info available on Slack) ,8m,2020-06-29T16:47:00,2020-06-29T16:55:00,MSR:Zoom,"Audris Mockus, Zoe Kotti, Diomidis Spinellis, Gabriel Dusing,  Media Attached",Live Q&A,A Complete Set of Related Git Repositories Identified via Community Detection Approaches Based on Shared CommitsMSR - Data Showcase,Data Showcase
38,2020,Mon 29 Jun 2020,16:30,17:30,MSR:Zoom,Chair(s): Venera Arnaoudova Washington State University,Github & OSS DatasetsTechnical Papers / Registered Reports / Keynote / MSR Awards / FOSS Award / Education / Data Showcase / Mining Challenge / MSR Challenge Proposals / Ask Me Anything at MSR:Zoom Chair(s): Olga Baysal Carleton UniversityQ/A & Discussion of Session Papers over Zoom (Joining info available on Slack) ,8m,2020-06-29T16:55:00,2020-06-29T17:03:00,MSR:Zoom,"Diomidis Spinellis, Zoe Kotti, Konstantinos Kravvaritis, Georgios Theodorou, Panos Louridas,  DOI,  Pre-print,  Media Attached",Live Q&A,A Dataset of Enterprise-Driven Open Source SoftwareMSR - Data Showcase,Data Showcase
39,2020,Mon 29 Jun 2020,16:30,17:30,MSR:Zoom,Chair(s): Venera Arnaoudova Washington State University,Github & OSS DatasetsTechnical Papers / Registered Reports / Keynote / MSR Awards / FOSS Award / Education / Data Showcase / Mining Challenge / MSR Challenge Proposals / Ask Me Anything at MSR:Zoom Chair(s): Olga Baysal Carleton UniversityQ/A & Discussion of Session Papers over Zoom (Joining info available on Slack) ,8m,2020-06-29T17:04:00,2020-06-29T17:12:00,MSR:Zoom,"Diomidis Spinellis, Zoe Kotti, Audris Mockus,  DOI,  Pre-print,  Media Attached",Live Q&A,A Dataset for GitHub Repository DeduplicationMSR - Data Showcase,Data Showcase
40,2020,Mon 29 Jun 2020,16:30,17:30,MSR:Zoom,Chair(s): Venera Arnaoudova Washington State University,Github & OSS DatasetsTechnical Papers / Registered Reports / Keynote / MSR Awards / FOSS Award / Education / Data Showcase / Mining Challenge / MSR Challenge Proposals / Ask Me Anything at MSR:Zoom Chair(s): Olga Baysal Carleton UniversityQ/A & Discussion of Session Papers over Zoom (Joining info available on Slack) ,8m,2020-06-29T17:12:00,2020-06-29T17:20:00,MSR:Zoom,"Tanner Fry, Tapajit Dey, Andrey Karnauch, Audris Mockus,  Pre-print,  Media Attached",Live Q&A,A Dataset and an Approach for Identity Resolution of 38 Million Author IDs extracted from 2B Git CommitsMSR - Data Showcase,Data Showcase
41,2020,Mon 29 Jun 2020,16:30,17:30,MSR:Zoom,Chair(s): Venera Arnaoudova Washington State University,Github & OSS DatasetsTechnical Papers / Registered Reports / Keynote / MSR Awards / FOSS Award / Education / Data Showcase / Mining Challenge / MSR Challenge Proposals / Ask Me Anything at MSR:Zoom Chair(s): Olga Baysal Carleton UniversityQ/A & Discussion of Session Papers over Zoom (Joining info available on Slack) ,8m,2020-06-29T17:21:00,2020-06-29T17:29:00,MSR:Zoom,"Maëlick Claes, Mika Mäntylä,  Media Attached",Live Q&A,20-MAD - 20 years of issues and commits of Mozilla and Apache DevelopmentMSR - Data Showcase,Data Showcase
42,2020,Mon 29 Jun 2020,16:30,17:00,MSR:Zoom2,Chair(s): Venera Arnaoudova Washington State University,"Platforms & DatasetsTechnical Papers / Registered Reports / Keynote / MSR Awards / FOSS Award / Education / Data Showcase / Mining Challenge / MSR Challenge Proposals / Ask Me Anything at MSR:Zoom2 Chair(s): Moritz Beller Facebook, USAQ/A & Discussion of Session Papers over Zoom (Joining info available on Slack) ",7m,2020-06-29T16:30:00,2020-06-29T16:37:00,MSR:Zoom2,"Toni Mattis, Patrick Rein, Falco Dürsch, Robert Hirschfeld,  DOI,  Pre-print,  Media Attached",Live Q&A,RTPTorrent: An Open-source Dataset for Evaluating Regression Test PrioritizationMSR - Technical Paper,Technical Papers
43,2020,Mon 29 Jun 2020,16:30,17:00,MSR:Zoom2,Chair(s): Venera Arnaoudova Washington State University,"Platforms & DatasetsTechnical Papers / Registered Reports / Keynote / MSR Awards / FOSS Award / Education / Data Showcase / Mining Challenge / MSR Challenge Proposals / Ask Me Anything at MSR:Zoom2 Chair(s): Moritz Beller Facebook, USAQ/A & Discussion of Session Papers over Zoom (Joining info available on Slack) ",7m,2020-06-29T16:37:00,2020-06-29T16:44:00,MSR:Zoom2,"Konstantinos Barmpis, Patrick Neubauer, Jonathan Co, Dimitris Kolovos, Nicholas Matragkas, Richard Paige,  Media Attached",Live Q&A,Polyglot and Distributed Software Repository Mining with CROSSFLOWMSR - Technical Paper,Technical Papers
44,2020,Mon 29 Jun 2020,16:30,17:00,MSR:Zoom2,Chair(s): Venera Arnaoudova Washington State University,"Platforms & DatasetsTechnical Papers / Registered Reports / Keynote / MSR Awards / FOSS Award / Education / Data Showcase / Mining Challenge / MSR Challenge Proposals / Ask Me Anything at MSR:Zoom2 Chair(s): Moritz Beller Facebook, USAQ/A & Discussion of Session Papers over Zoom (Joining info available on Slack) ",7m,2020-06-29T16:45:00,2020-06-29T16:52:00,MSR:Zoom2,"Che Shian Hung, Robert Dyer,  Pre-print,  Media Attached",Live Q&A,Boa Views: Easy Modularization and Sharing of MSR AnalysesMSR - Technical Paper,Technical Papers
45,2020,Mon 29 Jun 2020,16:30,17:00,MSR:Zoom2,Chair(s): Venera Arnaoudova Washington State University,"Platforms & DatasetsTechnical Papers / Registered Reports / Keynote / MSR Awards / FOSS Award / Education / Data Showcase / Mining Challenge / MSR Challenge Proposals / Ask Me Anything at MSR:Zoom2 Chair(s): Moritz Beller Facebook, USAQ/A & Discussion of Session Papers over Zoom (Joining info available on Slack) ",7m,2020-06-29T16:52:00,2020-06-29T16:59:00,MSR:Zoom2,"Antoine Pietri, Guillaume Rousseau, Stefano Zacchiroli,  Pre-print,  Media Attached",Live Q&A,Determining the Intrinsic Structure of Public Software Development HistoryMSR - Registered Reports,Registered Reports
46,2020,Tue 30 Jun 2020,10:30,11:00,MSR:Zoom,Chair(s): Venera Arnaoudova Washington State University,EvolutionTechnical Papers / Registered Reports / Keynote / MSR Awards / FOSS Award / Education / Data Showcase / Mining Challenge / MSR Challenge Proposals / Ask Me Anything at MSR:Zoom Chair(s): Jürgen Cito MITQ/A & Discussion of Session Papers over Zoom (Joining info available on Slack) ,7m,2020-06-30T10:30:00,2020-06-30T10:37:00,MSR:Zoom,"Jens Meinicke, Juan Hoyos, Bogdan Vasilescu, Christian Kästner,  Pre-print,  Media Attached",Live Q&A,Capture the Feature Flag: Detecting Feature Flags in Open-SourceMSR - Technical Paper,Technical Papers
47,2020,Tue 30 Jun 2020,10:30,11:00,MSR:Zoom,Chair(s): Venera Arnaoudova Washington State University,EvolutionTechnical Papers / Registered Reports / Keynote / MSR Awards / FOSS Award / Education / Data Showcase / Mining Challenge / MSR Challenge Proposals / Ask Me Anything at MSR:Zoom Chair(s): Jürgen Cito MITQ/A & Discussion of Session Papers over Zoom (Joining info available on Slack) ,7m,2020-06-30T10:37:00,2020-06-30T10:44:00,MSR:Zoom,"Antoine Pietri, Guillaume Rousseau, Stefano Zacchiroli,  Pre-print,  Media Attached",Live Q&A,Forking Without Clicking: on How to Identify Software Repository ForksMSR - Technical Paper,Technical Papers
48,2020,Tue 30 Jun 2020,10:30,11:00,MSR:Zoom,Chair(s): Venera Arnaoudova Washington State University,EvolutionTechnical Papers / Registered Reports / Keynote / MSR Awards / FOSS Award / Education / Data Showcase / Mining Challenge / MSR Challenge Proposals / Ask Me Anything at MSR:Zoom Chair(s): Jürgen Cito MITQ/A & Discussion of Session Papers over Zoom (Joining info available on Slack) ,7m,2020-06-30T10:45:00,2020-06-30T10:52:00,MSR:Zoom,"Sergey Svitkov, Timofey Bryksin,  Pre-print,  Media Attached",Live Q&A,Visualization of Methods Changeability Based on VCS DataMSR - Technical Paper,Technical Papers
49,2020,Tue 30 Jun 2020,10:30,11:00,MSR:Zoom,Chair(s): Venera Arnaoudova Washington State University,EvolutionTechnical Papers / Registered Reports / Keynote / MSR Awards / FOSS Award / Education / Data Showcase / Mining Challenge / MSR Challenge Proposals / Ask Me Anything at MSR:Zoom Chair(s): Jürgen Cito MITQ/A & Discussion of Session Papers over Zoom (Joining info available on Slack) ,7m,2020-06-30T10:52:00,2020-06-30T10:59:00,MSR:Zoom,"Themistoklis Diamantopoulos, Michail Papamichail , Thomas Karanikiotis, Kyriakos Chatzidimitriou , Andreas Symeonidis,  Pre-print,  Media Attached",Live Q&A,Employing Contribution and Quality Metrics for Quantifying the Software Development ProcessMSR - Data Showcase,Data Showcase
50,2020,Tue 30 Jun 2020,10:30,11:00,MSR:Zoom2,Chair(s): Venera Arnaoudova Washington State University,Apps & BotsTechnical Papers / Registered Reports / Keynote / MSR Awards / FOSS Award / Education / Data Showcase / Mining Challenge / MSR Challenge Proposals / Ask Me Anything at MSR:Zoom2 Chair(s): Ivano Malavolta Vrije Universiteit AmsterdamQ/A & Discussion of Session Papers over Zoom (Joining info available on Slack) ,7m,2020-06-30T10:30:00,2020-06-30T10:37:00,MSR:Zoom2,"Pei Liu, Li Li, Yanjie Zhao, Xiaoyu Sun, John Grundy,  Media Attached",Live Q&A,AndroZooOpen: Collecting Large-scale Open Source Android Apps for the Research CommunityMSR - Data Showcase,Data Showcase
51,2020,Tue 30 Jun 2020,10:30,11:00,MSR:Zoom2,Chair(s): Venera Arnaoudova Washington State University,Apps & BotsTechnical Papers / Registered Reports / Keynote / MSR Awards / FOSS Award / Education / Data Showcase / Mining Challenge / MSR Challenge Proposals / Ask Me Anything at MSR:Zoom2 Chair(s): Ivano Malavolta Vrije Universiteit AmsterdamQ/A & Discussion of Session Papers over Zoom (Joining info available on Slack) ,7m,2020-06-30T10:37:00,2020-06-30T10:44:00,MSR:Zoom2,"Laura Bello-Jiménez, Camilo Escobar-Velásquez, Anamaria Mojica-Hanke, Santiago Cortés-Fernández, Mario Linares-Vásquez,  Media Attached",Live Q&A,Hall-of-Apps: The Top Android Apps Metadata ArchiveMSR - Data Showcase,Data Showcase
52,2020,Tue 30 Jun 2020,10:30,11:00,MSR:Zoom2,Chair(s): Venera Arnaoudova Washington State University,Apps & BotsTechnical Papers / Registered Reports / Keynote / MSR Awards / FOSS Award / Education / Data Showcase / Mining Challenge / MSR Challenge Proposals / Ask Me Anything at MSR:Zoom2 Chair(s): Ivano Malavolta Vrije Universiteit AmsterdamQ/A & Discussion of Session Papers over Zoom (Joining info available on Slack) ,7m,2020-06-30T10:45:00,2020-06-30T10:52:00,MSR:Zoom2,"Tapajit Dey, Sara Mousavi, Eduardo Ponce, Tanner Fry, Bogdan Vasilescu, Anna Filippova, Audris Mockus,  Pre-print,  Media Attached",Live Q&A,Detecting and Characterizing Bots that Commit CodeMSR - Technical Paper,Technical Papers
53,2020,Tue 30 Jun 2020,10:30,11:00,MSR:Zoom2,Chair(s): Venera Arnaoudova Washington State University,Apps & BotsTechnical Papers / Registered Reports / Keynote / MSR Awards / FOSS Award / Education / Data Showcase / Mining Challenge / MSR Challenge Proposals / Ask Me Anything at MSR:Zoom2 Chair(s): Ivano Malavolta Vrije Universiteit AmsterdamQ/A & Discussion of Session Papers over Zoom (Joining info available on Slack) ,7m,2020-06-30T10:52:00,2020-06-30T10:59:00,MSR:Zoom2,"Ahmad Abdellatif, Diego Costa, Khaled Badran, Rabe Abdalkareem, Emad Shihab,  Pre-print,  Media Attached",Live Q&A,Challenges in Chatbot Development: A Study of Stack Overflow PostsMSR - Technical Paper,Technical Papers
54,2020,Tue 30 Jun 2020,11:00,12:00,MSR:Zoom,Chair(s): Venera Arnaoudova Washington State University,QualityTechnical Papers / Registered Reports / Keynote / MSR Awards / FOSS Award / Education / Data Showcase / Mining Challenge / MSR Challenge Proposals / Ask Me Anything at MSR:Zoom Chair(s): Jens Krinke University College LondonQ/A & Discussion of Session Papers over Zoom (Joining info available on Slack) ,12m,2020-06-30T11:00:00,2020-06-30T11:12:00,MSR:Zoom,"Laerte Xavier, Fabio da Silva Ferreira, Rodrigo Brito, Marco Tulio Valente,  Pre-print,  Media Attached",Live Q&A,Beyond the Code: Mining Self-Admitted Technical Debt in Issue Tracker SystemsMSR - Technical Paper,Technical Papers
55,2020,Tue 30 Jun 2020,11:00,12:00,MSR:Zoom,Chair(s): Venera Arnaoudova Washington State University,QualityTechnical Papers / Registered Reports / Keynote / MSR Awards / FOSS Award / Education / Data Showcase / Mining Challenge / MSR Challenge Proposals / Ask Me Anything at MSR:Zoom Chair(s): Jens Krinke University College LondonQ/A & Discussion of Session Papers over Zoom (Joining info available on Slack) ,12m,2020-06-30T11:12:00,2020-06-30T11:24:00,MSR:Zoom,"Peipei Wang, Chris Brown, Jamie Jennings, Kathryn Stolee,  Pre-print,  Media Attached",Live Q&A,An Empirical Study on Regular Expression BugsMSR - Technical Paper,Technical Papers
56,2020,Tue 30 Jun 2020,11:00,12:00,MSR:Zoom,Chair(s): Venera Arnaoudova Washington State University,QualityTechnical Papers / Registered Reports / Keynote / MSR Awards / FOSS Award / Education / Data Showcase / Mining Challenge / MSR Challenge Proposals / Ask Me Anything at MSR:Zoom Chair(s): Jens Krinke University College LondonQ/A & Discussion of Session Papers over Zoom (Joining info available on Slack) ,12m,2020-06-30T11:24:00,2020-06-30T11:36:00,MSR:Zoom,"Pavlína Wurzel Gonçalves, Enrico Fregnan, Tobias Baum, Kurt Schneider, Alberto Bacchelli,  Pre-print,  Media Attached",Live Q&A,Do Explicit Review Strategies Improve Code Review Performance?MSR - Registered Reports,Registered Reports
57,2020,Tue 30 Jun 2020,11:00,12:00,MSR:Zoom,Chair(s): Venera Arnaoudova Washington State University,QualityTechnical Papers / Registered Reports / Keynote / MSR Awards / FOSS Award / Education / Data Showcase / Mining Challenge / MSR Challenge Proposals / Ask Me Anything at MSR:Zoom Chair(s): Jens Krinke University College LondonQ/A & Discussion of Session Papers over Zoom (Joining info available on Slack) ,12m,2020-06-30T11:36:00,2020-06-30T11:48:00,MSR:Zoom,"Shubhankar Suman Singh, Smruti Ranjan Sarangi,  Pre-print,  Media Attached",Live Q&A,SoftMon: A Tool to Compare Similar Open-source Software from a Performance PerspectiveMSR - Technical Paper,Technical Papers
58,2020,Tue 30 Jun 2020,11:00,12:00,MSR:Zoom,Chair(s): Venera Arnaoudova Washington State University,QualityTechnical Papers / Registered Reports / Keynote / MSR Awards / FOSS Award / Education / Data Showcase / Mining Challenge / MSR Challenge Proposals / Ask Me Anything at MSR:Zoom Chair(s): Jens Krinke University College LondonQ/A & Discussion of Session Papers over Zoom (Joining info available on Slack) ,12m,2020-06-30T11:48:00,2020-06-30T12:00:00,MSR:Zoom,"Yaroslav Golubev, Maria Eliseeva, Nikita Povarov, Timofey Bryksin,  Pre-print,  Media Attached",Live Q&A,A Study of Potential Code Borrowing and License Violations in Java Projects on GitHubMSR - Technical Paper,Technical Papers
59,2020,Tue 30 Jun 2020,11:00,12:00,MSR:Zoom2,Chair(s): Venera Arnaoudova Washington State University,SecurityData Showcase / Technical Papers at MSR:Zoom2 Chair(s): Dimitris Mitropoulos Athens University of Economics and BusinessQ/A & Discussion of Session Papers over Zoom (Joining info available on Slack) ,12m,2020-06-30T11:00:00,2020-06-30T11:12:00,MSR:Zoom2,"Danielle Gonzalez, Michael Rath, Mehdi Mirakhorli,  DOI,  Pre-print,  Media Attached",Live Q&A,Did You Remember To Test Your Tokens?MSR - Technical Paper,Technical Papers
60,2020,Tue 30 Jun 2020,11:00,12:00,MSR:Zoom2,Chair(s): Venera Arnaoudova Washington State University,SecurityData Showcase / Technical Papers at MSR:Zoom2 Chair(s): Dimitris Mitropoulos Athens University of Economics and BusinessQ/A & Discussion of Session Papers over Zoom (Joining info available on Slack) ,12m,2020-06-30T11:12:00,2020-06-30T11:24:00,MSR:Zoom2,"Paolo Calciati , Konstantin Kuznetsov, Alessandra Gorla, Andreas Zeller,  Media Attached",Live Q&A,Automatically Granted Permissions in Android appsMSR - Technical Paper,Technical Papers
61,2020,Tue 30 Jun 2020,11:00,12:00,MSR:Zoom2,Chair(s): Venera Arnaoudova Washington State University,SecurityData Showcase / Technical Papers at MSR:Zoom2 Chair(s): Dimitris Mitropoulos Athens University of Economics and BusinessQ/A & Discussion of Session Papers over Zoom (Joining info available on Slack) ,12m,2020-06-30T11:24:00,2020-06-30T11:36:00,MSR:Zoom2,"Triet Le Huynh Minh, David Hin, Roland Croft, Muhammad Ali Babar,  DOI,  Pre-print,  Media Attached",Live Q&A,PUMiner: Mining Security Posts from Developer Question and Answer Websites with PU LearningMSR - Technical Paper,Technical Papers
62,2020,Tue 30 Jun 2020,11:00,12:00,MSR:Zoom2,Chair(s): Venera Arnaoudova Washington State University,SecurityData Showcase / Technical Papers at MSR:Zoom2 Chair(s): Dimitris Mitropoulos Athens University of Economics and BusinessQ/A & Discussion of Session Papers over Zoom (Joining info available on Slack) ,12m,2020-06-30T11:36:00,2020-06-30T11:48:00,MSR:Zoom2,"Jiahao Fan, Yi Li, Shaohua Wang, Tien N. Nguyen,  Media Attached",Live Q&A,A C/C++ Code Vulnerability Dataset with Code Changes and CVE SummariesMSR - Data Showcase,Data Showcase
63,2020,Tue 30 Jun 2020,11:00,12:00,MSR:Zoom2,Chair(s): Venera Arnaoudova Washington State University,SecurityData Showcase / Technical Papers at MSR:Zoom2 Chair(s): Dimitris Mitropoulos Athens University of Economics and BusinessQ/A & Discussion of Session Papers over Zoom (Joining info available on Slack) ,12m,2020-06-30T11:48:00,2020-06-30T12:00:00,MSR:Zoom2,"James Walden,  Pre-print,  Media Attached",Live Q&A,The Impact of a Major Security Event on an Open Source Project: The Case of OpenSSLMSR - Technical Paper,Technical Papers
64,2020,Tue 30 Jun 2020,12:00,13:00,MSR:Zoom,Chair(s): Venera Arnaoudova Washington State University,DevOps: AMAAsk Me Anything at MSR:Zoom Chair(s): Philipp Leitner Chalmers University of Technology & University of GothenburgLive YouTube: https://youtu.be/lVorjsH6uWM ,60m,2020-06-30T12:00:00,2020-06-30T13:00:00,MSR:Zoom,"Laurie Williams, Taco Bakker, Hyrum Wright,  Media Attached",Live Q&A,DevOps AMAMSR - AMA,Ask Me Anything
65,2020,Tue 30 Jun 2020,13:00,13:45,MSR:Zoom,Chair(s): Venera Arnaoudova Washington State University,Award TalksMSR Awards at MSR:Zoom Chair(s): Andy Zaidman TU DelftLive YouTube: https://youtu.be/97JCEBPZHkU ,22m,2020-06-30T13:00:00,2020-06-30T13:22:00,MSR:Zoom,"Michele Lanza, Marco D'ambros, Romain Robbes",Talk,Most Influential Paper TalkMSR - Award Talk,MSR Awards
66,2020,Tue 30 Jun 2020,13:00,13:45,MSR:Zoom,Chair(s): Venera Arnaoudova Washington State University,Award TalksMSR Awards at MSR:Zoom Chair(s): Andy Zaidman TU DelftLive YouTube: https://youtu.be/97JCEBPZHkU ,22m,2020-06-30T13:22:00,2020-06-30T13:44:00,MSR:Zoom,"Jonathan I. Maletic, Michael L. Collard",Talk,MSR Foundational Contribution TalkMSR - Award Talk,MSR Awards
67,2020,Tue 30 Jun 2020,14:00,15:00,MSR:Zoom,Chair(s): Venera Arnaoudova Washington State University,ML4SETechnical Papers / Registered Reports / Keynote / MSR Awards / FOSS Award / Education / Data Showcase / Mining Challenge / MSR Challenge Proposals / Ask Me Anything at MSR:Zoom Chair(s): Kevin Moran William & Mary/George Mason UniversityQ/A & Discussion of Session Papers over Zoom (Joining info available on Slack) ,12m,2020-06-30T14:00:00,2020-06-30T14:12:00,MSR:Zoom,"Chen Yang, Andrew Santosa, Ang Ming Yi, Abhishek Sharma , Asankhaya Sharma, David Lo,  Pre-print,  Media Attached",Live Q&A,A Machine Learning Approach for Vulnerability CurationACM SIGSOFT Distinguished Paper AwardMSR - Technical Paper,Technical Papers
68,2020,Tue 30 Jun 2020,14:00,15:00,MSR:Zoom,Chair(s): Venera Arnaoudova Washington State University,ML4SETechnical Papers / Registered Reports / Keynote / MSR Awards / FOSS Award / Education / Data Showcase / Mining Challenge / MSR Challenge Proposals / Ask Me Anything at MSR:Zoom Chair(s): Kevin Moran William & Mary/George Mason UniversityQ/A & Discussion of Session Papers over Zoom (Joining info available on Slack) ,12m,2020-06-30T14:12:00,2020-06-30T14:24:00,MSR:Zoom,"Rhys Compton, Eibe Frank, Panos Patros, Abigail Koay,  DOI,  Pre-print,  Media Attached",Live Q&A,Embedding Java Classes with code2vec: Improvements from Variable ObfuscationMSR - Technical Paper,Technical Papers
69,2020,Tue 30 Jun 2020,14:00,15:00,MSR:Zoom,Chair(s): Venera Arnaoudova Washington State University,ML4SETechnical Papers / Registered Reports / Keynote / MSR Awards / FOSS Award / Education / Data Showcase / Mining Challenge / MSR Challenge Proposals / Ask Me Anything at MSR:Zoom Chair(s): Kevin Moran William & Mary/George Mason UniversityQ/A & Discussion of Session Papers over Zoom (Joining info available on Slack) ,12m,2020-06-30T14:24:00,2020-06-30T14:36:00,MSR:Zoom,"Abdulkarim Malkadi, Mohammad Alahmadi, Sonia Haiduc,  Pre-print,  Media Attached",Live Q&A,A Study on the Accuracy of OCR Engines for Source Code Transcription from Programming ScreencastsMSR - Technical Paper,Technical Papers
70,2020,Tue 30 Jun 2020,14:00,15:00,MSR:Zoom,Chair(s): Venera Arnaoudova Washington State University,ML4SETechnical Papers / Registered Reports / Keynote / MSR Awards / FOSS Award / Education / Data Showcase / Mining Challenge / MSR Challenge Proposals / Ask Me Anything at MSR:Zoom Chair(s): Kevin Moran William & Mary/George Mason UniversityQ/A & Discussion of Session Papers over Zoom (Joining info available on Slack) ,12m,2020-06-30T14:36:00,2020-06-30T14:48:00,MSR:Zoom,"Gustavo Pinto, Breno Miranda, Supun Dissanayake, Marcelo d'Amorim, Christoph Treude, Antonia Bertolino,  Pre-print,  Media Attached",Live Q&A,What is the Vocabulary of Flaky Tests?MSR - Technical Paper,Technical Papers
71,2020,Tue 30 Jun 2020,14:00,15:00,MSR:Zoom,Chair(s): Venera Arnaoudova Washington State University,ML4SETechnical Papers / Registered Reports / Keynote / MSR Awards / FOSS Award / Education / Data Showcase / Mining Challenge / MSR Challenge Proposals / Ask Me Anything at MSR:Zoom Chair(s): Kevin Moran William & Mary/George Mason UniversityQ/A & Discussion of Session Papers over Zoom (Joining info available on Slack) ,12m,2020-06-30T14:48:00,2020-06-30T15:00:00,MSR:Zoom,"Sakib Haque, Alexander LeClair, Lingfei Wu, Collin McMillan,  Pre-print,  Media Attached",Live Q&A,Improved Automatic Summarization of Subroutines via Attention to File ContextMSR - Technical Paper,Technical Papers
72,2020,Tue 30 Jun 2020,14:30,15:00,MSR:Zoom2,Chair(s): Venera Arnaoudova Washington State University,"Tutorial 2: Software AnalyticsEducation / Technical Papers at MSR:Zoom2 Chair(s): Abram Hindle University of Alberta, Alexander Serebrenik Eindhoven University of TechnologyQ/A for tutorial (Joining info available on Slack) ",30m,2020-06-30T14:30:00,2020-06-30T15:00:00,MSR:Zoom2,"Fabio Palomba,  Media Attached",Tutorial,Mutation Testing Meets Software Analytics: A Hands-On TutorialMSR - Tutorial,Education
73,2020,Tue 30 Jun 2020,15:00,16:00,MSR:Zoom,Chair(s): Venera Arnaoudova Washington State University,"Machine Learning for Software Engineering: AMAAsk Me Anything at MSR:Zoom Chair(s): Baishakhi Ray Columbia University, New YorkLive YouTube: https://youtu.be/cphPhsehw2M ",60m,2020-06-30T15:00:00,2020-06-30T16:00:00,MSR:Zoom,"Vincent J. Hellendoorn, Michael Pradel, Miltiadis Allamanis,  Media Attached",Live Q&A,ML4SE AMAMSR - AMA,Ask Me Anything
74,2020,Tue 30 Jun 2020,16:00,17:00,MSR:Zoom,Chair(s): Venera Arnaoudova Washington State University,Developer CollaborationTechnical Papers / Registered Reports / Keynote / MSR Awards / FOSS Award / Education / Data Showcase / Mining Challenge / MSR Challenge Proposals / Ask Me Anything at MSR:Zoom Chair(s): Bogdan Vasilescu Carnegie Mellon UniversityQ/A & Discussion of Session Papers over Zoom (Joining info available on Slack) ,10m,2020-06-30T16:00:00,2020-06-30T16:10:00,MSR:Zoom,"Hongbo Fang, Daniel Klug, Hemank Lamba, James Herbsleb, Bogdan Vasilescu,  Pre-print,  Media Attached",Live Q&A,Need for tweet. How open-source developers use Twitter to talk about their GitHub workMSR - Technical Paper,Technical Papers
75,2020,Tue 30 Jun 2020,16:00,17:00,MSR:Zoom,Chair(s): Venera Arnaoudova Washington State University,Developer CollaborationTechnical Papers / Registered Reports / Keynote / MSR Awards / FOSS Award / Education / Data Showcase / Mining Challenge / MSR Challenge Proposals / Ask Me Anything at MSR:Zoom Chair(s): Bogdan Vasilescu Carnegie Mellon UniversityQ/A & Discussion of Session Papers over Zoom (Joining info available on Slack) ,10m,2020-06-30T16:10:00,2020-06-30T16:20:00,MSR:Zoom,"Nicole Novielli, Fabio Calefato, Davide Dongiovanni, Daniela Girardi, Filippo Lanubile,  DOI,  Pre-print,  Media Attached",Live Q&A,Can We Use SE-specific Sentiment Analysis Tools in a Cross-Platform Setting?MSR - Technical Paper,Technical Papers
76,2020,Tue 30 Jun 2020,16:00,17:00,MSR:Zoom,Chair(s): Venera Arnaoudova Washington State University,Developer CollaborationTechnical Papers / Registered Reports / Keynote / MSR Awards / FOSS Award / Education / Data Showcase / Mining Challenge / MSR Challenge Proposals / Ask Me Anything at MSR:Zoom Chair(s): Bogdan Vasilescu Carnegie Mellon UniversityQ/A & Discussion of Session Papers over Zoom (Joining info available on Slack) ,10m,2020-06-30T16:20:00,2020-06-30T16:30:00,MSR:Zoom,"Esteban Parra, Ashley Ellis, Sonia Haiduc,  Pre-print,  Media Attached",Live Q&A,GitterCom: A Dataset of Open Source Developer Communications in GitterMSR - Data Showcase,Data Showcase
77,2020,Tue 30 Jun 2020,16:00,17:00,MSR:Zoom,Chair(s): Venera Arnaoudova Washington State University,Developer CollaborationTechnical Papers / Registered Reports / Keynote / MSR Awards / FOSS Award / Education / Data Showcase / Mining Challenge / MSR Challenge Proposals / Ask Me Anything at MSR:Zoom Chair(s): Bogdan Vasilescu Carnegie Mellon UniversityQ/A & Discussion of Session Papers over Zoom (Joining info available on Slack) ,10m,2020-06-30T16:30:00,2020-06-30T16:40:00,MSR:Zoom,"Ingrid Nunes, Christoph Treude, Fabio Calefato,  Pre-print,  Media Attached",Live Q&A,The Impact of Dynamics of Collaborative Software Engineering on Introverts: A Study ProtocolMSR - Registered Reports,Registered Reports
78,2020,Tue 30 Jun 2020,16:00,17:00,MSR:Zoom,Chair(s): Venera Arnaoudova Washington State University,Developer CollaborationTechnical Papers / Registered Reports / Keynote / MSR Awards / FOSS Award / Education / Data Showcase / Mining Challenge / MSR Challenge Proposals / Ask Me Anything at MSR:Zoom Chair(s): Bogdan Vasilescu Carnegie Mellon UniversityQ/A & Discussion of Session Papers over Zoom (Joining info available on Slack) ,10m,2020-06-30T16:40:00,2020-06-30T16:50:00,MSR:Zoom,"Preetha Chatterjee, Kostadin Damevski, Nicholas A. Kraft, Lori Pollock,  Pre-print,  Media Attached",Live Q&A,Software-related Slack Chats with Disentangled ConversationsMSR - Data Showcase,Data Showcase
79,2020,Tue 30 Jun 2020,16:00,17:00,MSR:Zoom,Chair(s): Venera Arnaoudova Washington State University,Developer CollaborationTechnical Papers / Registered Reports / Keynote / MSR Awards / FOSS Award / Education / Data Showcase / Mining Challenge / MSR Challenge Proposals / Ask Me Anything at MSR:Zoom Chair(s): Bogdan Vasilescu Carnegie Mellon UniversityQ/A & Discussion of Session Papers over Zoom (Joining info available on Slack) ,10m,2020-06-30T16:50:00,2020-06-30T17:00:00,MSR:Zoom,"Yalin Liu, Jinfeng Lin, Jane Cleland-Huang,  Media Attached",Live Q&A,Traceability Support for Multi-Lingual Software ProjectsACM SIGSOFT Distinguished Paper AwardMSR - Technical Paper,Technical Papers
80,2020,Tue 30 Jun 2020,16:00,17:00,MSR:Zoom2,Chair(s): Venera Arnaoudova Washington State University,Visions & ReflectionsTechnical Papers / Registered Reports / Keynote / MSR Awards / FOSS Award / Education / Data Showcase / Mining Challenge / MSR Challenge Proposals / Ask Me Anything at MSR:Zoom2 Chair(s): Venera Arnaoudova Washington State UniversityQ/A & Discussion of Session Papers over Zoom (Joining info available on Slack) ,15m,2020-06-30T16:00:00,2020-06-30T16:15:00,MSR:Zoom2,"Danielle Gonzalez, Thomas Zimmermann, Nachiappan Nagappan,  DOI,  Pre-print,  Media Attached",Live Q&A,The State of the ML-universe: 10 Years of Artificial Intelligence & Machine Learning Software Development on GitHubMSR - Technical Paper,Technical Papers
81,2020,Tue 30 Jun 2020,16:00,17:00,MSR:Zoom2,Chair(s): Venera Arnaoudova Washington State University,Visions & ReflectionsTechnical Papers / Registered Reports / Keynote / MSR Awards / FOSS Award / Education / Data Showcase / Mining Challenge / MSR Challenge Proposals / Ask Me Anything at MSR:Zoom2 Chair(s): Venera Arnaoudova Washington State UniversityQ/A & Discussion of Session Papers over Zoom (Joining info available on Slack) ,15m,2020-06-30T16:15:00,2020-06-30T16:30:00,MSR:Zoom2,"Nicolas Gold, Jens Krinke,  DOI,  Pre-print,  Media Attached",Live Q&A,Ethical Mining – A Case Study on MSR Mining ChallengesACM SIGSOFT Distinguished Paper AwardMSR - Technical Paper,Technical Papers
82,2020,Tue 30 Jun 2020,16:00,17:00,MSR:Zoom2,Chair(s): Venera Arnaoudova Washington State University,Visions & ReflectionsTechnical Papers / Registered Reports / Keynote / MSR Awards / FOSS Award / Education / Data Showcase / Mining Challenge / MSR Challenge Proposals / Ask Me Anything at MSR:Zoom2 Chair(s): Venera Arnaoudova Washington State UniversityQ/A & Discussion of Session Papers over Zoom (Joining info available on Slack) ,15m,2020-06-30T16:30:00,2020-06-30T16:45:00,MSR:Zoom2,"Ang Jia, Ming Fan, Xi Xu, Di Cui, Wenying Wei, Zijiang Yang, Kai Ye, Ting Liu,  DOI,  Pre-print,  Media Attached",Live Q&A,From Innovations to Prospects: What Is Hidden Behind Cryptocurrencies?MSR - Technical Paper,Technical Papers
83,2020,Tue 30 Jun 2020,16:00,17:00,MSR:Zoom2,Chair(s): Venera Arnaoudova Washington State University,Visions & ReflectionsTechnical Papers / Registered Reports / Keynote / MSR Awards / FOSS Award / Education / Data Showcase / Mining Challenge / MSR Challenge Proposals / Ask Me Anything at MSR:Zoom2 Chair(s): Venera Arnaoudova Washington State UniversityQ/A & Discussion of Session Papers over Zoom (Joining info available on Slack) ,15m,2020-06-30T16:45:00,2020-06-30T17:00:00,MSR:Zoom2,"Rolf-Helge Pfeiffer,  Pre-print,  Media Attached",Live Q&A,"What constitutes Software? An Empirical, Descriptive Study of ArtifactsMSR - Technical Paper",Technical Papers
